Tweet Text,Sentiment,Timestamp,User
Our team is excited to introduce our latest product line! #Innovation #NewRelease,Positive,2023-11-18 8:45:00,@CompanyXYZ
We apologize for the inconvenience caused by our recent technical issues. Our team is working hard to resolve them. #CustomerService,Negative,2023-11-18 9:30:00,@CompanyXYZ
"Neutral on this matter, awaiting further updates. #StayInformed",Neutral,2023-11-18 10:15:00,@CompanyXYZ
We're grateful for the continuous support from our loyal customers! #Gratitude,Positive,2023-11-18 11:00:00,@CompanyXYZ
Disappointed to announce the delay in the shipment of some orders. #ServiceUpdate,Negative,2023-11-18 11:45:00,@CompanyXYZ
Thrilled about the positive feedback received on our recent product launch! #PositiveFeedback,Positive,2023-11-18 12:30:00,@CompanyXYZ
We're striving to provide better services with each passing day. #Improvement,Positive,2023-11-18 13:15:00,@CompanyXYZ
The unexpected sale just made our day! #Happiness,Positive,2023-11-18 14:00:00,@CompanyXYZ
We understand the concerns raised and are actively working to address them. #CustomerCare,Neutral,2023-11-18 14:45:00,@CompanyXYZ
The team is frustrated with the recurring system glitches. #TechnicalIssues,Negative,2023-11-18 15:30:00,@CompanyXYZ
Our thoughts are with everyone affected by the recent events. #Support,Neutral,2023-11-18 16:15:00,@CompanyXYZ
Delighted to see our customers enjoying our latest offerings! #HappyCustomers,Positive,2023-11-18 17:00:00,@CompanyXYZ
We deeply regret the inconvenience caused by the stock shortage. #Apology,Negative,2023-11-18 17:45:00,@CompanyXYZ
Neutral stance on the ongoing industry discussions. #IndustryUpdates,Neutral,2023-11-18 18:30:00,@CompanyXYZ
Looking forward to sharing exciting news with our customers soon! #Teaser,Positive,2023-11-18 19:15:00,@CompanyXYZ
We apologize for any confusion caused by the recent pricing update. #ClarityNeeded,Negative,2023-11-18 20:00:00,@CompanyXYZ
Positive vibes all around as we celebrate our team's achievements! #TeamSpirit,Positive,2023-11-18 20:45:00,@CompanyXYZ
Please bear with us as we work on improving our services for you. #ServiceEnhancement,Neutral,2023-11-18 21:30:00,@CompanyXYZ
We're disappointed by the negative rumors circulating. #ClarificationNeeded,Negative,2023-11-18 22:15:00,@CompanyXYZ
Neutral feelings towards recent market trends. #MarketAnalysis,Neutral,2023-11-18 23:00:00,@CompanyXYZ
Eagerly anticipating our upcoming product launch! #CountdownBegins,Positive,2023-11-18 23:45:00,@CompanyXYZ
We're committed to resolving the reported issues promptly. #Commitment,Neutral,2023-11-19 0:30:00,@CompanyXYZ
We're proud to announce our involvement in the community cleanup drive! #CommunityEngagement,Positive,2023-11-19 1:15:00,@CompanyXYZ
We understand the frustration caused by the delayed responses. #ImprovementNeeded,Negative,2023-11-19 2:00:00,@CompanyXYZ
Neutral stance on the recent industry regulations. #RegulatoryCompliance,Neutral,2023-11-19 2:45:00,@CompanyXYZ
Celebrating the positive reviews from our satisfied customers! #CustomerSatisfaction,Positive,2023-11-19 3:30:00,@CompanyXYZ
We regret any inconvenience caused due to the recent server downtime. #ServiceDisruption,Negative,2023-11-19 4:15:00,@CompanyXYZ
The team remains optimistic despite the current challenges. #Resilience,Positive,2023-11-19 5:00:00,@CompanyXYZ
We're actively looking into the reported issues for immediate resolution. #PromptAction,Neutral,2023-11-19 5:45:00,@CompanyXYZ
Regretting the oversight that led to the recent product recall. #ProductRecall,Negative,2023-11-19 6:30:00,@CompanyXYZ
Neutral opinions on the changing consumer preferences. #ConsumerInsights,Neutral,2023-11-19 7:15:00,@CompanyXYZ
Excited to share upcoming plans for enhanced user experience! #UserExperience,Positive,2023-11-19 8:00:00,@CompanyXYZ
We apologize for any delays in responding to your inquiries. #CustomerSupport,Negative,2023-11-19 8:45:00,@CompanyXYZ
Neutral stance on the ongoing technological advancements. #TechUpdates,Neutral,2023-11-19 9:30:00,@CompanyXYZ
Thrilled to be part of the upcoming industry conference! #IndustryLeadership,Positive,2023-11-19 10:15:00,@CompanyXYZ
We're committed to ensuring your satisfaction with our services. #CustomerSatisfaction,Positive,2023-11-19 11:00:00,@CompanyXYZ
We're addressing the reported issues with urgency. #UrgentAction,Neutral,2023-11-19 11:45:00,@CompanyXYZ
Deeply concerned about the recent environmental issues. #EnvironmentalAwareness,Neutral,2023-11-19 12:30:00,@CompanyXYZ
Excited to announce our participation in the charity fundraising event! #CommunitySupport,Positive,2023-11-19 13:15:00,@CompanyXYZ
We're working diligently to resolve the reported technical glitches. #TechnicalSupport,Neutral,2023-11-19 14:00:00,@CompanyXYZ
We're disappointed by the negative impact of the recent policy changes. #PolicyImpact,Negative,2023-11-19 14:45:00,@CompanyXYZ
Neutral opinions on the current economic forecasts. #EconomicOutlook,Neutral,2023-11-19 15:30:00,@CompanyXYZ
Looking forward to bringing innovative solutions to our customers! #InnovationAhead,Positive,2023-11-19 16:15:00,@CompanyXYZ
We apologize for any inconvenience caused by the server maintenance. #ServiceMaintenance,Negative,2023-11-19 17:00:00,@CompanyXYZ
Stay tuned for the upcoming surprise for our loyal customers! #SurpriseAhead,Positive,2023-11-19 17:45:00,@CompanyXYZ
We're committed to addressing customer feedback for improvement. #CustomerFeedback,Neutral,2023-11-19 18:30:00,@CompanyXYZ
The recent achievements have motivated our team further! #Motivation,Positive,2023-11-19 19:15:00,@CompanyXYZ
We're actively investigating the reported quality issues. #QualityAssurance,Neutral,2023-11-19 20:00:00,@CompanyXYZ
We apologize for the recent delivery delays. #DeliveryIssues,Negative,2023-11-19 20:45:00,@CompanyXYZ
Neutral stance on the recent industry mergers. #IndustryDevelopments,Neutral,2023-11-19 21:30:00,@CompanyXYZ
Excited to introduce our latest sustainability initiatives! #Sustainability,Positive,2023-11-19 22:15:00,@CompanyXYZ
We're taking measures to prevent future service disruptions. #Prevention,Neutral,2023-11-19 23:00:00,@CompanyXYZ